{
	"keyswitch 62" : 36,
	"keyswitch 67" : 36,
	"keyswitch 79" : 36,
	"keyswitch 81" : 36,
	"keyswitch 64" : 36,
	"pitch 71" : 62,
	"pitch 62" : 69,
	"pitch 64" : 70,
	"pitch 67" : 72,
	"pitch 72" : 74,
	"pitch 74" : 76,
	"pitch 79" : 77,
	"pitch 81" : 79,
	"pitch 69" : 62,
	"keyswitch 71" : 36,
	"keyswitch 72" : 36,
	"keyswitch 74" : 36,
	"keyswitch 69" : 37,
	"pitch 60" : [ 81, 77, 74, 76, 72, 70, 69 ],
	"keyswitch 60" : 38,
	"velocity 60" : [ 0.503937007874015, 0.0, 0, 33 ],
	"keyswitch 65" : 40,
	"pitch 65" : [ 77, 76, 74, 72, 69, 70, 81 ],
	"velocity 65" : [ 0.503937007874015, 0.0, 0, 32 ],
	"pitch 76" : [ 72, 69, 70 ],
	"keyswitch 76" : 39,
	"pitch 86" : 81,
	"pitch 83" : 84,
	"keyswitch 83" : 36,
	"keyswitch 86" : 36
}
